Company name,Status,Industry,Notes
23andMe,Cancelled,Medical Techonlolgy,
A&E Network,Cancelled,#N/A,Cancelled their summer 2020 internship program. But extended the offer to summer 2021.
ABB,Cancelled,Healthcare Products,
ABC,Cancelled,Computer Services,All internships now cancelled
Accion Systems,Cancelled,#N/A,Cancelled their whole internship program
Ad Council,Cancelled,Marketing,
ADTRAN,Cancelled,Telecom. Equipment,Summer 2020 co-op term canceled. Fall 2020 may also be canceled if full remote does not end by August 2020.
AF Group,Cancelled,Retail (Online),
AGS Automotive,Cancelled,#N/A,
Airbnb,Cancelled,#N/A,Cancelled this summer's internship program with an option to intern next summer.
AKQA,Cancelled,Marketing,
Alaska Airlines,Cancelled,Air Transport,
Alexander Group,Cancelled,Consulting,
AlphaSights,Cancelled,#N/A,Cancelled. Interns offered full-time jobs.
American Airlines,Cancelled,Air Transport,Decisions are on a department by department basis. Some positions weren't cancelled.
Amtrak,Cancelled,Rail Transport,
Anaplan,Cancelled,Software (System & Application),MBA internship rescinded. Need confirmation on this.
Apache Corporation,Cancelled,Oil/Gas (Production and Exploration),
APCO Worldwide,Cancelled,Public Relations,
Applied Materials,Cancelled,Semiconductor Equip,
Applied Medical,Cancelled,Medical Techonlolgy,
ArcelorMittal,Cancelled,#N/A,
Argonne National Laboratory,Cancelled,#N/A,
Arista,Cancelled,Financial Svcs. (Non-bank & Insurance),
Arthrex,Cancelled,Medical Techonlolgy,
atVenu,Cancelled,#N/A,
AXS,Cancelled,Drugs (Pharmaceutical),
Baker Hughes,Cancelled,Oilfield Svcs/Equip.,
Bartle Bogle Hegarty,Cancelled,#N/A,
BECU,Cancelled,#N/A,
Belvedere trading,Cancelled,#N/A,Cancelled their internship program for junior traders. The other roles are not cancelled yet. Full time new hires start date pushed back as well.
Bently Systems,Cancelled,#N/A,
Best Buy,Cancelled,Retail (Special Lines),
Big Spaceship,Cancelled,Marketing,
Blackbaud,Cancelled,Software (System & Application),Open full time offers are also cancelled
BluJay Solutions,Cancelled,#N/A,
Boar's Head Brand,Cancelled,#N/A,
Booz Allen Hamilton,Cancelled,Computer Services,
Boston Scientific,Cancelled,Healthcare Products,Cancelled all internships and co-ops for all of 2020.
Bright Health,Cancelled,#N/A,
British Airways,Cancelled,#N/A,Postponed to 2021
Brookings Institution,Cancelled,#N/A,
BuzzFeed,Cancelled,#N/A,
Callaway Golf,Cancelled,Recreation,
Calvin Klein,Cancelled,#N/A,
Cantor Fitzgerald,Cancelled,#N/A,
Cannon,Cancelled,#N/A,
Capitol Music Group,Cancelled,#N/A,
Captify,Cancelled,#N/A,
Carfax,Cancelled,#N/A,
CB Insights,Cancelled,#N/A,
CBIZ,Cancelled,Business & Consumer Services,
CF Industries,Cancelled,Chemical (Specialty),
Chesapeake Energy,Cancelled,Oil/Gas (Production and Exploration),
Checkr,Cancelled,#N/A,
CH Robinson,Cancelled,#N/A,
Civis Analytics,Cancelled,#N/A,
Comcast,Cancelled,Cable TV,
ConocoPhillips,Cancelled,Oil/Gas (Production and Exploration),5 week pay offered and priority for 2021 internship
Continental,Cancelled,Building Materials,
Crayola,Cancelled,#N/A,
Cruise Automation,Cancelled,#N/A,Rescinded all internship offers.
Custom Ink,Cancelled,#N/A,Rescinded all internships and full time offers!
DAAD-WISE,Cancelled,#N/A,
Dassault Systems,Cancelled,#N/A,Rescinding offers in Waltham MA.
DataScan,Cancelled,#N/A,Need further verification if all roles cancelled
Datto,Cancelled,#N/A,"Cybersecurity internships cancelled. No option to defer to next year. SWE internship offers not rescinded, will be online."
Defense Counterintelligence and Security Agency,Cancelled,#N/A,
Delta Airline,Cancelled,#N/A,Rescinding offers.
Designer Brands,Cancelled,Retail (Special Lines),
Diff,Cancelled,Restaurant/Dining,
DigitalOcean,Cancelled,#N/A,Cancelled summer internship program
Dillards,Cancelled,#N/A,
Discovery Inc.,Cancelled,#N/A,
Disney,Cancelled,Entertainment,"Cancelled some Engineering/IT roles. Not just diversity program. Also, some teams (Industrial and Software Engineering) haven't cancelled, but gone remote."
DNAnexus,Cancelled,#N/A,
Draper Laboratory,Cancelled,#N/A,Internship program cancelled. Offers rescinded.
DriveTime,Cancelled,#N/A,"Scaling back summer internship program, certain departments cancelled (i.e. marketing/sales)."
Echostar,Cancelled,Telecom. Equipment,
EF Education First,Cancelled,#N/A,Multiple offers rescinded. Need to verify if all internship roles are cancelled
EVERFI,Cancelled,#N/A,
Excellus Blue Cross Blue Shield,Cancelled,#N/A,
ExtraHop,Cancelled,#N/A,
Flipp,Cancelled,#N/A,Offers Rescinded
Forbes,Cancelled,Oilfield Svcs/Equip.,
Funding Circle,Cancelled,#N/A,
FX,Cancelled,Healthcare Products,
Gallagher,Cancelled,Insurance (General),
Gap Inc.,Cancelled,#N/A,No compensation offered.
Garmin,Cancelled,#N/A,
Gartner,Cancelled,Computer Services,Even full time offers are getting rescinded
Genuine Parts Company,Cancelled,Retail (Distributors),
GE Transportation-Wabtec,Cancelled,#N/A,
Gildan,Cancelled,#N/A,
Globe Life,Cancelled,Insurance (Life),
GoCanvas,Cancelled,#N/A,
Golden 1 Credit Union,Cancelled,#N/A,
Green Dot,Cancelled,Financial Svcs. (Non-bank & Insurance),
Group Nine Media,Cancelled,#N/A,
Groupon,Cancelled,Retail (Online),
Guideline,Cancelled,#N/A,
Halff Associates,Cancelled,#N/A,
Halliburton,Cancelled,Oilfield Svcs/Equip.,Interns offered half of the pay for the summer as stipend.
HARMAN International,Cancelled,#N/A,Cancelled LEAP programs for new grads too.
Hawaiian Airlines,Cancelled,#N/A,Internships and full time hirings cancelled.
HCA Healthcare,Cancelled,Hospitals/Healthcare Facilities,
Helen of Troy,Cancelled,#N/A,
Hendrickson,Cancelled,#N/A,
Hess Corporation,Cancelled,Oil/Gas (Production and Exploration),
Hill Holliday,Cancelled,#N/A,
Hughes,Cancelled,Oilfield Svcs/Equip.,
Huhtamaki,Cancelled,#N/A,
Husky Energy,Cancelled,#N/A,
iCIMS,Cancelled,#N/A,
IDEMIA,Cancelled,#N/A,
IDEO,Cancelled,Retail (Online),Ideo.org too
IGN,Cancelled,Healthcare Products,
iHeartMedia,Cancelled,Broadcasting,
IHS Markit,Cancelled,#N/A,Needs further confirmation.
Indeed,Cancelled,#N/A,Summer internships cancelled.
InterSystems,Cancelled,#N/A,
Interbrand,Cancelled,#N/A,
IPG MediaBrands,Cancelled,#N/A,
JetBlue,Cancelled,Air Transport,Deferred to Summer 2021.
John Deere,Cancelled,#N/A,
Jordan Blanchard Capital,Cancelled,#N/A,
Kabbage,Cancelled,#N/A,
Kaiser Permanente,Cancelled,#N/A,
Kayak,Cancelled,#N/A,
Kearney,Cancelled,#N/A,MBA. London - Cancelled. Chicago - Virtual.
Keen,Cancelled,#N/A,
Kepler Group,Cancelled,#N/A,Cancelled summer 2020 internship program
Klick Health,Cancelled,#N/A,
Kin and Carta,Cancelled,#N/A,
Kitty Hawk,Cancelled,#N/A,
Kohler Engines,Cancelled,#N/A,
Lands' End,Cancelled,Retail (Online),
L Brands,Cancelled,Apparel,
LEK consulting,Cancelled,#N/A,Cancelled their internship program but offered interns full time 2021 offers.
LendingClub,Cancelled,Financial Svcs. (Non-bank & Insurance),
Leo Burnett,Cancelled,#N/A,
Lifeway Christian Resources,Cancelled,#N/A,
Lime,Cancelled,Drugs (Pharmaceutical),
LLamasoft,Cancelled,#N/A,
L.L. Bean,Cancelled,#N/A,
L'Oréal,Cancelled,#N/A,Guaranteed internship for summer 2021. Guaranteed first round interview for full-time.
Lowe's,Cancelled,Retail (Building Supply),
M&T Bank,Cancelled,Banks (Regional),
Magnopus,Cancelled,#N/A,
Manhattan Associates,Cancelled,Software (System & Application),
Mattel,Cancelled,Recreation,
Marriot,Cancelled,Hotel/Gaming,
Marsh and Mclennan Agency,Cancelled,#N/A,Cancelled internships globally and graduate jobs are deferred until Jan 2021.
Mayo Clinic,Cancelled,#N/A,At least IT
M Booth,Cancelled,#N/A,
McCann,Cancelled,#N/A,McCann Wolrldgroup and McCann NY cancelled their internships.
Medicus Healthcare Solutions,Cancelled,#N/A,
Medline Industries,Cancelled,#N/A,Cancelled its internship program. Interns will get interview preference for full-time jobs after graduation.
Mercedez Benz,Cancelled,#N/A,
Mercer,Cancelled,#N/A,
Micron,Cancelled,Heathcare Information and Technology,
MIT Lincoln Laboratory,Cancelled,#N/A,Cancelled summer research program for interns
Mrytle Beach Pelicans,Cancelled,#N/A,
MullenLowe,Cancelled,#N/A,
National Geographic,Cancelled,#N/A,
National Institutes of Health,Cancelled,#N/A,
National Security Agency,Cancelled,#N/A,Cancelled all summer 2020 intternships
Nationwide,Cancelled,#N/A,
Naval Research Enterprise Internship Program,Cancelled,#N/A,"Cancelled all summer 2020 internships, but will still process SECRET clearances"
NBC Olympic,Cancelled,#N/A,
Newell Brands,Cancelled,Household Products,
New York Air Brake,Cancelled,#N/A,
Nielsen,Cancelled,Business & Consumer Services,
Nissan,Cancelled,#N/A,
No Kid Hungry,Cancelled,#N/A,Suspended the Summer 2020 session of the John M. Green Internship Program
Norfolk Southern,Cancelled,Transportation (Railroads),
Nordstrom,Cancelled,Retail (General),Cancelled all technology internships.
Northwest Permanente,Cancelled,#N/A,
NPR,Cancelled,Machinery,
Occidental Petroleum,Cancelled,Oil/Gas (Integrated),
Oliver Wyman,Cancelled,#N/A,Replaced with full-time offers. Few students didn't receive full-time offers.
OneWeb,Cancelled,#N/A,Went bankrupt
OpenTable,Cancelled,#N/A,
Outlier,Cancelled,#N/A,
Owens Corning,Cancelled,Building Materials,
Paccar,Cancelled,Construction Supplies,
Pariveda Solutions,Cancelled,#N/A,
Paycom,Cancelled,Software (System & Application),Hiring freeze until at least July
PBS,Cancelled,Business & Consumer Services,
Pearson VUE,Cancelled,#N/A,
Phoenix Children's Hospital,Cancelled,#N/A,
Ping Identity,Cancelled,Software (System & Application),
Pixar Animation Studios,Cancelled,#N/A,
PluralSight,Cancelled,Software (System & Application),
Pratt & Whitney,Cancelled,#N/A,
Primer,Cancelled,Insurance (Life),
PROCEPT BioRobotics,Cancelled,#N/A,
PSB,Cancelled,Banks (Regional),Need confirmation
Quantcast,Cancelled,#N/A,Summer internships cancelled.
QuantumScope,Cancelled,#N/A,Cancelled
Quora,Cancelled,#N/A,Cancelled.
Ramboll,Cancelled,#N/A,
Randa Accessories,Cancelled,#N/A,
Redfin,Cancelled,Real Estate (Operations & Services),
Regeneron Pharmaceuticals,Cancelled,Drugs (Biotechnology),Wet lab positions being cancelled. Dry lab likely to be remote.
REI,Cancelled,R.E.I.T.,"""After careful consideration of business needs, we decided to put a hold on this position at this time."""
Rent The Runway,Cancelled,#N/A,
R/GA,Cancelled,#N/A,
Roche,Cancelled,#N/A,
Roku,Cancelled,Entertainment,
Rolls Royce,Cancelled,#N/A,
Saatchi & Saatchi,Cancelled,#N/A,
Salem Red Sox,Cancelled,#N/A,
Samsung Research America,Cancelled,#N/A,
Schlumberger,Cancelled,Oilfield Svcs/Equip.,Internship and full-time offers rescinded
Schneider Electric,Cancelled,#N/A,
Secret Mission Software,Cancelled,#N/A,
"Seattle Genetics, Inc.",Cancelled,Drugs (Biotechnology),
Shamrock Foods,Cancelled,#N/A,
Sherwin Williams,Cancelled,#N/A,
Showpass,Cancelled,#N/A,
Simon Kucher & Partners,Cancelled,#N/A,
Skip Hop,Cancelled,#N/A,
Sleep Number,Cancelled,Retail (Building Supply),
Sling TV,Cancelled,#N/A,"Cancelled their entire summer internship program for 2020, including MBAs and undergrads"
SnapTravel,Cancelled,#N/A,
Softheon,Cancelled,#N/A,
Sonder,Cancelled,#N/A,Revoked offers
Sony,Cancelled,#N/A,
Sony Music,Cancelled,#N/A,Cancelled. Needs confirmation.
Southwest Airlines,Cancelled,Air Transport,Gauging interest in fall internship. Gift card being provided as compensation.
Springbuk,Cancelled,#N/A,
Stanford Health Care,Cancelled,#N/A,
StitchFix,Cancelled,#N/A,
St. Jude Children's Research Hospital,Cancelled,#N/A,
Strategic Education,Cancelled,Education,
Strategy&,Cancelled,#N/A,
Stryker,Cancelled,Healthcare Products,"Rising juniors will get the same internship for summer 2021, and rising seniors will get “preference” for entry level job."
Stubhub,Cancelled,#N/A,
Stuller,Cancelled,#N/A,
SUEZ Water Technologies & Solutions,Cancelled,#N/A,
Sumo Logic,Cancelled,#N/A,Both Summer and Fall. Rescining full-time offers too.
Sysco,Cancelled,Food Wholesalers,Cancelled all internships offers and some full time.
T-Mobile,Cancelled,Telecom (Wireless),
Team One,Cancelled,#N/A,
Tegna Inc.,Cancelled,Broadcasting,
Tenable,Cancelled,Software (System & Application),
The Boston Globe,Cancelled,#N/A,
The Good Year Tire & Rubber Company,Cancelled,#N/A,
The Hut Group,Cancelled,#N/A,
Thermo Fisher Scientific,Cancelled,Heathcare Information and Technology,
Thomson Reuters,Cancelled,#N/A,
Thumbtack,Cancelled,#N/A,Rescinded offers for summer internships and new grad roles.
Ticketmaster,Cancelled,#N/A,Canceled their summer internship program.
TJX,Cancelled,Retail (Special Lines),
Toast,Cancelled,#N/A,Internships in Boston cancelled. Full-time offers too.
Toyota Connected,Cancelled,#N/A,
TPRI,Cancelled,#N/A,
Transamerica,Cancelled,#N/A,
TransUnion,Cancelled,Business & Consumer Services,
Trexquant,Cancelled,#N/A,
TripAdvisor,Cancelled,Software (Entertainment),Rescinded full-time offers too.
Ugam Solutions,Cancelled,#N/A,Rescinded full-time offers too.
Ultimate Software,Cancelled,#N/A,Offering deferment of internships to TBD future term(s)
Under Armour,Cancelled,Apparel,"Rookie Program was canceled, no full time offers."
United Airlines,Cancelled,Air Transport,Cancelled.
Universal McCann,Cancelled,#N/A,
Uplift,Cancelled,#N/A,
Uponor,Cancelled,#N/A,
Urban Outfitters (URBN),Cancelled,#N/A,
USLI,Cancelled,#N/A,
USTA 2020 D&I,Cancelled,#N/A,
Valkyrie Investments,Cancelled,#N/A,
Verily,Cancelled,#N/A,
Vergin Hyperloop One,Cancelled,#N/A,
Virgin Orbit,Cancelled,#N/A,Cancelled the whole program
VMLY&R,Cancelled,#N/A,
Volvo,Cancelled,#N/A,Offers got Rescinded
Vox,Cancelled,Electronics (Consumer & Office),
Wagner Spraytech,Cancelled,#N/A,
Warner,Cancelled,Auto Parts,
Warner Music Group,Cancelled,#N/A,
Wayfair,Cancelled,Retail (Online),Some positions not cancelled. Notably E-Commerce.
WeRide.ai,Cancelled,#N/A,
William Morris Endeavor,Cancelled,#N/A,
Wisk,Cancelled,#N/A,
WillowTree,Cancelled,#N/A,Interns guaranteed interview in the fall for internship or full-time.
Workday,Cancelled,Software (System & Application),5k stipend being provided to interns
Xcel Energy,Cancelled,Power,
Yelp,Cancelled,Software (Entertainment),
Yubico,Cancelled,#N/A,
Zenith Insurance,Cancelled,#N/A,
ZS,Cancelled,Drugs (Biotechnology),Cancelled their internship program but are offering full time positions to all of their interns.
1Password,Continuing ,#N/A,Hiring Freeze
3M,Continuing ,Diversified,Remote for now. Option to move to in-person if conditions change by June 1
Accenture,Continuing ,#N/A,Strategy internships going remote.
Activision/Blizzard,Continuing ,#N/A,100% remote. Blizzard internship duration reduced to 9 weeks.
Adidas,Continuing ,#N/A,UX internship cancelled. Waiting for info on other positions.
Adobe,Continuing ,Software (System & Application),Fully remote. Personal computer for work. Hiring Freeze
ADP,Continuing ,Heathcare Information and Technology,Remote if needed
Aflac,Continuing ,Insurance (Life),Considering remote. Postponed start date to June 8.
AIG,Continuing ,Insurance (General),Virtual. More details to come.
Akamai Technologies,Continuing ,Software (Internet),Remote until further notice.
Akuna Capital,Continuing ,#N/A,Remote
Alarm.com,Continuing ,Software (System & Application),
AlixPartners,Continuing ,#N/A,Deciding on in person vs virtual towards end of April
Allen & Gerritsen,Continuing ,#N/A,Hiring Freeze
AllianceBernstein,Continuing ,#N/A,
Amazon,Continuing ,Retail (Online),Virtual Internships
Amazon Robotics,Continuing ,#N/A,Virtual Internships
American Express,Continuing ,Financial Svcs. (Non-bank & Insurance),Fully virtual. Hiring Freeze. Certain positions being cancelled.
Amgen,Continuing ,Drugs (Biotechnology),Remote
Anheuser-Busch InBev,Continuing ,#N/A,
Anyscale,Continuing ,#N/A,Actively Hiring
Aon,Continuing ,Building Materials,Will be remote. New start date will be June 22.
AppFolio,Continuing ,Software (System & Application),Hiring
Apple,Continuing ,R.E.I.T.,Remote start for some. Start date pushed back for others. Depends on the team. More details to come.
Appian,Continuing ,Software (System & Application),"Remote. Exact details still forthcoming, but they've committed to having it in some form thus far"
Ares Management,Continuing ,Investments & Asset Management,Considering remote. Updates to follow.
AT&T,Continuing ,Telecom. Services,Going remote.
Atlassian,Continuing ,#N/A,Going fully remote
ASRC Federal,Continuing ,#N/A,
Audible,Continuing ,#N/A,On track to begin June 1
Aurora,Continuing ,#N/A,Hiring freeze. Considering remote. Considering winter internship.
Autodesk,Continuing ,Software (System & Application),Fully remote internships
AvidXchange,Continuing ,#N/A,
BEA Systems,Continuing ,#N/A,Hiring Freeze
Bain & Company,Continuing ,#N/A,Virtual.
Bank of America,Continuing ,Bank (Money Center),
Bank of Montreal,Continuing ,#N/A,Remote for time being. Start date unchanged.
Bank of the West,Continuing ,#N/A,Remote internship for 10 weeks.
Becton Dickinson,Continuing ,#N/A,Remote
Benevity,Continuing ,#N/A,Remote
Bethesda,Continuing ,#N/A,Hiring Freeze
BlackRock,Continuing ,Investments & Asset Management,Converted to virtual. Honoring full compensation agreement. Start date may change.
Blackhawk Network,Continuing ,#N/A,Hiring Freeze
Blackstone,Continuing ,R.E.I.T.,
Blade,Continuing ,#N/A,Currently no plans to change anything
Blend,Continuing ,Software (Entertainment),Remote. Actively Hiring
Bloomberg,Continuing ,#N/A,Remote.
BMV Group,Continuing ,#N/A,
BNP Paribas,Continuing ,#N/A,Postponed start date to June 29. But will stick to original 10 week compensation.
Bobcat,Continuing ,#N/A,
Boeing,Continuing ,Aerospace/Defense,Will be going remote.
Bosch,Continuing ,#N/A,Remote
Boston Consulting Group (BCG),Continuing ,#N/A,Gave interns full time offers. The internship (which is virtual now) is shortened to 7-10 weeks.
BP,Continuing ,Business & Consumer Services,Will be virtual.
Braze,Continuing ,#N/A,
Bristol Myers Squibb,Continuing ,#N/A,
BSH,Continuing ,Environmental & Waste Services,
ByteDance,Continuing ,#N/A,Internship not cancelled. Global hiring expansion this year.
Capital Group,Continuing ,Investments & Asset Management,Committed to all intern offers and program will be fully remote.
Capital One,Continuing ,Financial Svcs. (Non-bank & Insurance),"Remote Internships, housing stipend still included"
Caterpillar,Continuing ,Construction Supplies,Delaying start date to June 15.
Cardinal Health,Continuing ,Healthcare Support Services,
Carvana,Continuing ,Retail (Automotive),Hiring Freeze
CBS Interactive,Continuing ,#N/A,
Cedar Fair Amusement,Continuing ,#N/A,
Cerner Corporation,Continuing ,Heathcare Information and Technology,
Charles Schwab,Continuing ,Brokerage & Investment Banking,Internships will be virtual for the duration of the program (9 weeks)
Chartbeat,Continuing ,#N/A,"Honoring all of its internships and all of its offers to former interns. If WFH on the ""start date"" new interns and employees will start working on that day, just remotely."
Chegg,Continuing ,Education,"Planning to proceed with most of our internship roles this summer, may be operating completely remotely, a handful of positions canceled"
Chevron,Continuing ,Oil/Gas (Integrated),Remote
Chewy,Continuing ,Retail (Online),"Remote onboarding, will make decision at later time as to whether or not to stay remote"
Chick-Fill-A,Continuing ,#N/A,Option to participate in a virtual internship or defer internship to next summer.
Cigna,Continuing ,Healthcare Support Services,Fully virtual
Cisco,Continuing ,Banks (Regional),Fully Remote
Cisco Meraki,Continuing ,#N/A,Remote confirmed
Citadel,Continuing ,Oil/Gas (Production and Exploration),WFH Possible
Citi,Continuing ,Retail (Special Lines),"Not cancelling. Start date moved to July 6. Interns in NY, London, HK, Singapore and Tokyo automatically receive full-time offers upon meeting minimum requirements."
Citrix Systems,Continuing ,Software (System & Application),Internship not cancelled. Possibility of going remote.
Clairvoyant LLC,Continuing ,#N/A,Hiring Freeze
Clorox,Continuing ,Household Products,
Cloudflare,Continuing ,Software (System & Application),"Internships reopened and internship class size doubled, remote work if needed"
Coding Blocks,Continuing ,#N/A,Hiring
Coinbase,Continuing ,#N/A,Fully remote. Housing stipend if applicable.
College Board,Continuing ,#N/A,Hiring freeze.
Collins Aerospace,Continuing ,#N/A,Remote
CommScope,Continuing ,Telecom. Equipment,Honoring all offers made. Virtual if needed. Hiring freeze.
Constant Contact,Continuing ,#N/A,
Coveo,Continuing ,#N/A,"Remote work, if needed"
Cox Enterpise,Continuing ,#N/A,Cox Communications is honoring all offers for 2rd and 3rd rotation returning interns. Only Cox Automotive and Cox Media Cancelled.
Creative Artists Agency,Continuing ,#N/A,
Credit Suisse,Continuing ,#N/A,Remote
CrossInstall,Continuing ,#N/A,Hiring Freeze
Cubic,Continuing ,Aerospace/Defense,Hiring freeze
CVS/Aetna,Continuing ,#N/A,
Databricks,Continuing ,#N/A,Remote/Virtual for all interns in US/Canada. More info to come
Dataminr,Continuing ,#N/A,
D. E. Shaw & Co.,Continuing ,#N/A,Internships will be remote in India. Start date is April 20.
DeepMap,Continuing ,#N/A,Not cancelled. Option to move to June onsite if situation gets better.
DeepSource,Continuing ,#N/A,Remote
Dell,Continuing ,Computers/Peripherals,Remote. Shortened to June/July only
Deloitte,Continuing ,#N/A,Deloitte Consulting and Deloitte Tax US - Two week optional virtual experience (Jul 13 - Jul 24). Payment of $4000. Full-time offer upon successful completion of degree. Deloitte in Canada is going virtual with a delayed start date of June 1st.
Deutsche Bank,Continuing ,#N/A,Remote in India.
Ditto PR,Continuing ,#N/A,Remote.
Discover Financial Services,Continuing ,Financial Svcs. (Non-bank & Insurance),Remote
Dish Netowrks,Continuing ,#N/A,Hiring Freeze
DocuSign,Continuing ,Software (System & Application),
Dolby,Continuing ,Electronics (General),PM role cancelled. No info about other roles.
Dow,Continuing ,Hotel/Gaming,Remote.
DraftKings,Continuing ,#N/A,Will be in touch with more details
Dropbox,Continuing ,Software (System & Application),
Ebay,Continuing ,Retail (Online),Going virtual.
edX,Continuing ,Drugs (Biotechnology),
Elanco,Continuing ,Drugs (Pharmaceutical),Virtual. Reduced from 12 weeks to 8 weeks.
Electronic Arts,Continuing ,Entertainment,Remote
Ernst & Young (EY),Continuing ,#N/A,Completely remote. Changed internship duration - July 6 to August 7 now (cut short from 8 weeks to 5 weeks)
Epsilon,Continuing ,Oil/Gas (Production and Exploration),Considering remote. Decision by mid-April.
ERCOT (Energy Reliability Council of Texas),Continuing ,#N/A,Remote.
Esri,Continuing ,#N/A,
Etsy,Continuing ,Retail (Online),
EverQuote,Continuing ,Software (Entertainment),
Expedia,Continuing ,Retail (Online),"Moved to virtual. Shortened to 10 weeks, June 15 - August 21. Revised offer letter will be sent out."
ExxonMobil,Continuing ,#N/A,Pushed start dates to June 1st.
EY-Parthenon,Continuing ,#N/A,
F5 Networks,Continuing ,Telecom. Equipment,Won't be cancelling. Remote or In-person decision by April 17th
Facebook,Continuing ,Software (Entertainment),Remote. Corporate housing will be available for those who would like to take it or a housing stipend will be provided. Some internships cancelled due to reasons like interns moved out of US or remote work not possible for the job.
Fandago,Continuing ,#N/A,Hiring Freeze
Fannie Mae,Continuing ,#N/A,Remote Internship. Program start date remains June 1. Program duration will be 6 weeks. All internship and full-time offers honored.
FBI,Continuing ,Banks (Regional),Reports that some internships are getting cancelled.
Fedex,Continuing ,Transportation,Update by Mid-April
Fiat Chrysler,Continuing ,#N/A,Remote likely. Further updates by April 24.
FireEye,Continuing ,Software (System & Application),Internship program will proceed. Moving to 100% virtual.
Fidelity Investments,Continuing ,#N/A,Moved to virtual setting. Duration has been cut to 9 weeks.
FINRA,Continuing ,#N/A,Remote
FireEye,Continuing ,Software (System & Application),Remote
FirstEnergy,Continuing ,Power,Remote
Flexport,Continuing ,#N/A,"Cancelling 60% of their summer internships and moving the rest to remote. Across Engineering, Data and Design."
Flipkart,Continuing ,#N/A,Could be partially remote on fully remote based on future situation. The offer won't be rescinded
Ford Motor Company,Continuing ,Auto & Truck,Remote. Delayed June start date. Duration reduced to 6-8 weeks.
Fromlabs,Continuing ,#N/A,
FTI Consulting,Continuing ,Business & Consumer Services,
Gemography,Continuing ,#N/A,Remote Internship
Genentech,Continuing ,#N/A,"Moved majority of internships virtual (a portion of internships in R&D were cancelled, manufacturing internships cancelled at Oceanside location)."
General Atomics,Continuing ,#N/A,Considering remote.
General Electric,Continuing ,Diversified,Confirmed by company representative. No cancellations. Info by May 1.
General Motors,Continuing ,Auto & Truck,Delayed to beginning of June. Needs confirmation.
Giphy,Continuing ,#N/A,Hiring Freeze
GLAAD,Continuing ,#N/A,Hiring Freeze. Not planning to hire new interns until September.
Glassdoor,Continuing ,#N/A,Hiring Freeze
GoDaddy,Continuing ,Software (Internet),Remote
Gojek,Continuing ,#N/A,Remote
Goldman Sachs,Continuing ,Brokerage & Investment Banking,Start date revised to July 6. Duration of the program reduced to five weeks. Will honor the full financial commitment of original program duration. Not applicable to India. Hong Kong - Delayed by a month.
GoldPoint Partners,Continuing ,#N/A,Moving to remote. Interns will be compensated fully.
Google,Continuing ,#N/A,"UX Internships, EMEA IT cancelled. SWE, research and business internships are remote. Housing stipend still provided. Hiring Freeze, intern candidates still in pipeline for host matching or interviews will not be moved forward. Interns for rest of 2020 (including Fall 2020) won't be considered"
Green Hills Software,Continuing ,#N/A,Hiring Freeze
Greenmantra,Continuing ,#N/A,
Groupe Dynamite,Continuing ,#N/A,Hiring Freeze
Gulfstream Aerospace,Continuing ,#N/A,
Harkins,Continuing ,#N/A,Hiring Freeze
Hartford Steam Boiler,Continuing ,#N/A,
HealthScape,Continuing ,#N/A,Start date pushed back by 3 weeks. Duration extended by 1 week.
Hertz,Continuing ,Trucking,Pushed back to July
Hilton,Continuing ,Hotel/Gaming,Rescinding offers for on property positions. Corporate intern program too.
Honeywell,Continuing ,Diversified,
HP,Continuing ,Healthcare Products,Remote. Won't be cancelled.
HPE,Continuing ,Food Processing,Remote
HSBC,Continuing ,#N/A,Hiring Freeze
HubSpot,Continuing ,Software (System & Application),Remote possible. Continuing hiring
Hulu,Continuing ,#N/A,Switching to a 8-week virtual program. SWE positions on-hold
Humana,Continuing ,Healthcare Support Services,Fully remote.
IBM,Continuing ,Computer Services,Won't be cancelling. All internships will be remote.
IBM Research,Continuing ,#N/A,Hiring Freeze
IDX Broker,Continuing ,#N/A,
IMC Trading,Continuing ,#N/A,Potentially remote. Hiring
Improbable,Continuing ,#N/A,Remote
Indigo Ag,Continuing ,#N/A,
Informatica,Continuing ,#N/A,Hiring Freeze. But offers not being rescinded. People in between in the interview process have to wait.
Instabase,Continuing ,#N/A,
Intel,Continuing ,Software (Entertainment),100% virtual for people starting before June 15. Some internships might not be virtual depending as the work involved.
Interpublic Group,Continuing ,Advertising,Hiring Freeze
Intuit,Continuing ,Software (System & Application),No plans to cancel internship or new grad positions. Decided to make incoming intern/co-op program fully virtual.
Intuitive Surgical,Continuing ,Healthcare Products,Still paying me a lump sum of half of the wage we would have received while working there
Jane Street,Continuing ,#N/A,Planning for remote.
JDA Software,Continuing ,#N/A,
John Deere,Continuing ,#N/A,Not cancelling.
Johnson and Johnson,Continuing ,#N/A,Providence RI branch is going through with their co-op program
JP Morgan,Continuing ,#N/A,Virtual internship. July 6th to mid-August. Compensation will remain same.
JumpTrading,Continuing ,#N/A,
Juniper Networks,Continuing ,Telecom. Equipment,"Still hiring for tech roles. Planning for in-person summer internship, remote if needed"
Justworks,Continuing ,#N/A,
Ketsight Technologies,Continuing ,#N/A,
Khan Academy,Continuing ,#N/A,remote or on-site by end of April
Kiewit,Continuing ,#N/A,Start date moved later
Koch Industries,Continuing ,#N/A,Virtual. Laptops being shipped to interns.
Kohl's,Continuing ,Retail (General),Rescinded unaccepted offers. Waiting for information on whether the internship program is cancelled.
KPMG,Continuing ,#N/A,US - Internship made virtual. Interns offered a full-time position in 2021.
Kroger Digital,Continuing ,#N/A,100% remote.
Lacework,Continuing ,#N/A,Not hiring any more interns
Latch,Continuing ,R.E.I.T.,Hiring Freeze
Lam Research,Continuing ,Semiconductor Equip,Going remote. Honoring all offers.
Lenovo,Continuing ,#N/A,Remote. Majority of divisions won't be cancelling. Start dates moved to June 1st. Hiring.
Liberty Mutual Insurance,Continuing ,#N/A,Gave interns option of working remotely or hybrid-relocating once offices open.
LinkedIn,Continuing ,#N/A,Fully remote. Interviews are on hold. Hiring Freeze.
LiveRamp,Continuing ,Computer Services,
Lockheed Martin,Continuing ,Aerospace/Defense,
Lori Friedman-Revolution Financial Management,Continuing ,#N/A,Hiring
Los Alamos National Labs,Continuing ,#N/A,Hiring Freeze
Los Angeles Rams,Continuing ,#N/A,Hiring Freeze
Lyft,Continuing ,Trucking,Fully virtual
Manulife Canada,Continuing ,#N/A,Remote
Marathon Petroleum,Continuing ,Oilfield Svcs/Equip.,Continues to plan for their summer 2020 internships.
Mark Cuban Companies,Continuing ,#N/A,Still determining the status if it will be fully remote or not
Markel,Continuing ,Insurance (Prop/Cas.),Plans for first few weeks to be remote and then will assess the situation from there
MarketAxess,Continuing ,Financial Svcs. (Non-bank & Insurance),Won't be cancelling. Moving remote.
Marqeta,Continuing ,#N/A,
MassMutual,Continuing ,#N/A,100% virtual.
Mastercard,Continuing ,Information Services,"MBA internship transitioning to virtual format and duration has been shortened to 4 weeks. However, pay will remain as per the original offer i.e., 10weeks."
MathWorks,Continuing ,#N/A,"There may be adjustments to the internship model, such as initially working remotely and later in the office."
McAfee,Continuing ,#N/A,
McKinsey & Company,Continuing ,#N/A,"Made their internships optional. If you choose to do it, it will be remote for a duration of 6-10 weeks. Full pay regardless of whether one chooses to do the internship or not. Full-time offers offered too."
Medtronic,Continuing ,#N/A,Remote
Micron,Continuing ,Heathcare Information and Technology,Virtual Internship program for 90% of interns.
Microsoft,Continuing ,Software (System & Application),"Fully virtual. For interns who can't join virtually due to the nature of their assigned departments or those that are currently located outside the US or Canada, they can defer it to 2021 summer or for graduating class, get a chance to have expedited interviews for a full-time role."
Mindbody,Continuing ,#N/A,Interviews being cancelled
MITRE,Continuing ,#N/A,Remote Internship
Moelis & Company,Continuing ,Brokerage & Investment Banking,Made their summer internship program a 4 week program and also given all interns guaranteed full time offers.
MongoDB,Continuing ,Software (Internet),Fully remote. Program Shortened.
Morgan Stanley,Continuing ,Brokerage & Investment Banking,Most programs will be virtual. Interns will receive full compensation even if length of the program changes. Start date pushed to June 29.
Moss Adams,Continuing ,#N/A,"In person, but preparing for remote if necessary"
Motorola Solutions,Continuing ,Telecom. Equipment,Considering remote
Mozilla,Continuing ,#N/A,Remote Internship
NASA,Continuing ,Banks (Regional),"Internships will be held remotely. However some internships cannot be done remotely, in which case they will be rescinding some offers. Interns will be hearing the decision no later than May 15. Many offers however are being rescinded or left unfilled"
Nasdaq,Continuing ,Retail (Online),Hosting a Virtual Program instead of an on-site internship for North America.
NationWide,Continuing ,#N/A,
NBCUniversal,Continuing ,#N/A,"Internship planned to begin on June 1, asked to remain flexible with more information after April 17"
Nelnet,Continuing ,Financial Svcs. (Non-bank & Insurance),"Determining remote, delayed start, or no change on April 16th"
New York Times,Continuing ,Publishing & Newspapers,Remote.
Nextdoor,Continuing ,#N/A,100% Virtual.
Nike,Continuing ,Shoe,Remote.
Nintendo,Continuing ,#N/A,Remote in US.
Noblis,Continuing ,#N/A,Currently evaluating remote internships
Nokia,Continuing ,#N/A,Remote internships for all roles
Nopeblis,Continuing ,#N/A,
Northrop Grumman,Continuing ,Aerospace/Defense,
Northwestern Mutual,Continuing ,#N/A,Hiring
Nutanix,Continuing ,Software (System & Application),Remote Internship
NVIDIA,Continuing ,Semiconductor,"Canada remote, stil deciding if partial/total remote (sent out survey to gauge locations). Not cancelling."
Oakland Athletes,Continuing ,#N/A,Hiring Freeze
Oak Ridge National Laboratory,Continuing ,#N/A,Suspended with a chance of reinstatement if circumstances change.
Obama Foundation,Continuing ,#N/A,Hiring Freeze
Okta,Continuing ,Software (Internet),Toronto internships will be remote
OppLoans,Continuing ,#N/A,Depends on situation in May to go remote or not
Optimizely,Continuing ,#N/A,Hiring Freeze
Optiver,Continuing ,#N/A,Won't cancel. Remote if needed.
Oracle,Continuing ,Software (System & Application),Confirmed to be virtual. Start date and duration will remain same.
Orbis Investment,Continuing ,#N/A,Remote
Oscar Health,Continuing ,#N/A,"Fully remote, same start date, full pay, no more housing stipend."
OSIsoft,Continuing ,#N/A,"Reduced to 10 weeks instead of 12, laptops will be mailed. Hire on bonus for relocation and transportation is reduced unless expenses have already been accrued."
Pacific Lift,Continuing ,#N/A,Remote
Pagerduty,Continuing ,Software (System & Application),Fully remote.
Palantir,Continuing ,#N/A,
Palo Alto Networks,Continuing ,Software (System & Application),Fully remote
Pandora,Continuing ,#N/A,
Parker Hannifinn,Continuing ,#N/A,
PayPal,Continuing ,Information Services,Remote work for all North America interns
Pegasystems,Continuing ,Software (System & Application),Remote.
Peloton,Continuing ,Recreation,Not cancelling. More details will be shared in coming weeks.
PepsiCo,Continuing ,Beverage (Soft),Moved to remote and reduced to 6 weeks. Providing full pay.
Philips,Continuing ,#N/A,Going ahead with internships virtually. Students advised to not move for internships and laptops being shipped.
PIMCO,Continuing ,#N/A,
Pinterest,Continuing ,Software (Entertainment),Remote
Pioneer Natural Resources,Continuing ,Oil/Gas (Production and Exploration),Remote.
Piper Sandler,Continuing ,#N/A,Internship down to 6 weeks with start date now at the end of June.
PJT Partners,Continuing ,Brokerage & Investment Banking,
Plaid,Continuing ,#N/A,Interviews being cancelled. Hiring Freeze
PlayStation,Continuing ,#N/A,Remote. Start date moved to June 1st.
PricewaterhouseCoopers,Continuing ,#N/A,"Internship changed to two-week digital upskilling experience. Lump-sum payment of $2500 for accounting (audit/tax) and $3500 for advisory. Additionally, full-time 2021 offer."
Procore,Continuing ,#N/A,Hiring Freeze.
Procter & Gamble (P&G),Continuing ,#N/A,Online except for a few cases. On site possible for last 2 weeks.
Proofpoint,Continuing ,Software (System & Application),"Actively hiring, remote or onsite depends on future situation."
Protiviti,Continuing ,#N/A,"2-week fully remote internship, with full-time offers extended at the end."
Q2E Banking,Continuing ,#N/A,Remote
Qualcomm,Continuing ,Semiconductor,Fully remote.
Qualtrics,Continuing ,#N/A,Fully remote.
Quicken Loans,Continuing ,#N/A,"Start date moved to early June. Considering remote, decision by early May."
Raytheon BBN,Continuing ,#N/A,Cancellation unlikely
Raytheon Technologies,Continuing ,#N/A,
Reddit,Continuing ,#N/A,Remote. Needs confirmation.
RedHat,Continuing ,#N/A,Remote. Needs confirmation.
ResMed,Continuing ,Healthcare Products,Paused hiring.
Reuters,Continuing ,#N/A,They will re-asses in May and possibly go remote
RingCentral,Continuing ,Software (System & Application),Remote for summer
Ripcord,Continuing ,#N/A,Pending. Mid-April Decision.
Robinhood,Continuing ,#N/A,Exploring a hybrid of remote and onsite depending on shelter in place restrictions
Royal Bank of Canada (RBC),Continuing ,#N/A,Actively hiring - https://jobs.rbc.com/ca/en/students-grad-co-ops-internships
RSM,Continuing ,Software (System & Application),Remote
Rubrik,Continuing ,#N/A,Remote
Salesforce,Continuing ,Software (System & Application),Remote internships for all locations. Changes to be communicated if the COVID-19 situation gets resolved in coming months
Sallie Mae,Continuing ,#N/A,May go remote still contingent on the unprecedented time
Samsara,Continuing ,Apparel,Hiring Freeze
Samsung,Continuing ,#N/A,"Remote internship. However, some positions may be cancelled where remote work is not possible."
San Francisco MUNI,Continuing ,#N/A,Hiring Freeze
Santander CIB,Continuing ,#N/A,
SAP,Continuing ,Oil/Gas (Production and Exploration),Internship onboarding moving to virtual
SAS,Continuing ,Insurance (Life),Remote
SC Johnson,Continuing ,#N/A,
Scholastic,Continuing ,Publishing & Newspapers,Remote until NYC opens.
ServiceNow,Continuing ,Software (System & Application),Internship moved to remote
Shiseido,Continuing ,#N/A,Hiring put on hold.
Shopify,Continuing ,#N/A,Internships will be remote until further notice
Shure,Continuing ,#N/A,
Siemens,Continuing ,#N/A,Needs confirmation. Contradictory reports.
Sigma Computing,Continuing ,#N/A,Remote work
Slack,Continuing ,Software (System & Application),Remote
Slalom Build,Continuing ,#N/A,
Snap,Continuing ,Software (Entertainment),Remote
Snowflake,Continuing ,#N/A,Remote internship for now. US interns may move to on-site depending on the situation and International interns will work from home 100%.
Sonos,Continuing ,Electronics (Consumer & Office),"Remote work, internship date reduced from 12 to 8 weeks"
Sony Interactive Entertainment,Continuing ,#N/A,Internship program will be fully online for summer 2020.
Southwestern Advantage,Continuing ,#N/A,Hiring
Southwest Research Institute,Continuing ,#N/A,
SpaceX,Continuing ,#N/A,"Planning on going ahead with the internship program on-site, but they are considering moving start dates."
Splunk,Continuing ,Software (System & Application),Internship hiring put on hold. Accepted offers to be honored. Fully remote.
Sprout Social,Continuing ,Software (System & Application),Stopped hiring.
Square,Continuing ,Software (System & Application),Remote
Starbucks,Continuing ,Restaurant/Dining,Remote.
State Farm,Continuing ,#N/A,Moving to virtual
Stripe,Continuing ,#N/A,Fully remote. New grad onboarding remote too.
SurveyMonkey,Continuing ,#N/A,Fully virtual.
Susquehanna International Group,Continuing ,#N/A,Remote
Tableau,Continuing ,#N/A,Won't be cancelled. Remote if necessary.
Talend,Continuing ,#N/A,Remote Internship
Target,Continuing ,Retail (General),"Software internships are virtual at Target, length reduced to 8 weeks. Executive Leadership Interns are still scheduled to work in stores on location this summer."
Tesla,Continuing ,Auto & Truck,"Hiring for summer, aiming for onsite, preparing for remote internships if possible"
Texas Instruments,Continuing ,Semiconductor,Hiring
Textron Aviation,Continuing ,#N/A,Start date June 22nd. Hiring Freeze.
The Aerospace Corporation,Continuing ,#N/A,Won't be cancelling. Considering remote. Details in coming weeks.
The Hartford,Continuing ,Insurance (General),Remote
The Kennedy/Marshall Co,Continuing ,#N/A,Remote
The Motley Fool,Continuing ,#N/A,Fully remote.
Tik Tok,Continuing ,#N/A,
Tinder,Continuing ,#N/A,Going remote.
Toyota Research Institute,Continuing ,#N/A,Most likely go remote and possibility to reassess the situation later
TransferWise,Continuing ,#N/A,"Offers not sent, but people have been notified that they have passed the final rounds, although no answer about internship programme will be released until situation clears up."
Travelers,Continuing ,Insurance (Prop/Cas.),Will be holding their full 10 week intern program starting in early June with all interns starting virtually.
Truist Financial,Continuing ,Banks (Regional),Internship start date moved to June 22nd for two weeks of virtual Training. Then in person starting July 6th.
TuSimple,Continuing ,#N/A,Remote for now but onsite recommended once feasible
Twilio,Continuing ,Software (Internet),Preparing for remote onboarding and remote internship
Twitch,Continuing ,#N/A,Remote Internship. Hiring freeze.
Twitter,Continuing ,Software (Entertainment),"100% Virtual. Interns will still get the same compensation, and start dates will be June 8th or June 22nd. All May start dates will be moved to the June 8th start date."
Two Sigma,Continuing ,#N/A,Preparing for a virtual summer internship.
Uber,Continuing ,Trucking,Fully virtual for interns joining teams based in US and Canada.
UnitedHealth Group,Continuing ,Healthcare Support Services,Still on. Considering remote.
Unity,Continuing ,Banks (Regional),Software Developer positions will be remote until safe to re-enter offices.
USAA,Continuing ,#N/A,Fully remote
US Bank,Continuing ,Banks (Regional),Remote
Vanguard,Continuing ,Chemical (Specialty),Virtual Internships
Verily,Continuing ,#N/A,Hiring freeze
Verisign,Continuing ,Software (Internet),Remote
Verizon,Continuing ,Telecom. Services,Decision by Apr 30
ViacomCBS,Continuing ,Broadcasting,"Hoping for in-person, preparing for virtual or shortened options. Update by Apr 30th or sooner."
Viasat,Continuing ,Telecom. Equipment,Number of positions was significantly reduced. Many were cancelled.
Visa,Continuing ,Information Services,Remote Internship. Duration shortened to 8 weeks.
VMware,Continuing ,Software (System & Application),Remote. Housing stipend still provided
Volvo,Continuing ,#N/A,Hiring freeze. Cancelling interviews. Cancelled mechanical/electrical engineering interns.
Voya Financial,Continuing ,Financial Svcs. (Non-bank & Insurance),
Waymo,Continuing ,#N/A,Moved their internship program virtual.
Walmart,Continuing ,Retail (General),Hiring Freeze
WarnerMedia,Continuing ,#N/A,Fully virtual.
Wattpad,Continuing ,#N/A,Remote
Wells Fargo,Continuing ,Bank (Money Center),Going virtual. New dates: July 6th to August 7th. All financial terms on original offer letters will be honored.
WePay,Continuing ,#N/A,Won't be cancelling
Western Digital,Continuing ,Computers/Peripherals,"Making their internship program virtual. Next week, updates will be shared with candidates if their position can be made virtual or not."
WGBH,Continuing ,#N/A,Remote
Willis Towers Watson,Continuing ,#N/A,Internship shortened from 10 weeks to 8 weeks and will be virtual.
Wish,Continuing ,Investments & Asset Management,Remote. Hiring Freeze
Wolfram,Continuing ,#N/A,Remote
WSP,Continuing ,Publishing & Newspapers,Start date postponed to June 15th
Xandr,Continuing ,Semiconductor,Fully remote.
Xilinx,Continuing ,Semiconductor,Remote Internship
Yahoo (Verizon Media),Continuing ,#N/A,Remote possible. Hiring freeze at Verizon Media.
Zebra Technology,Continuing ,#N/A,
Zillow,Continuing ,Software (Entertainment),Interviews being cancelled. Hiring Freeze.
Zippity Cars,Continuing ,#N/A,Hiring
Zocdoc,Continuing ,#N/A,Fully remote.
Zynga,Continuing ,Entertainment,