Source,Target,Value,Color
0,1,151,#ebd8d8
0,2,198,#262C46
1,3,38,#ebd8d8
1,4,38,#ebd8d8
1,5,38,#ebd8d8
1,6,37,#ebd8d8
2,3,50,#262C46
2,4,49,#262C46
2,5,49,#262C46
2,6,50,#262C46
3,7,1,#ebd8d8
3,8,0,#ebd8d8
3,9,0,#ebd8d8
3,10,1,#ebd8d8
3,11,0,#ebd8d8
3,12,1,#ebd8d8
3,13,1,#ebd8d8
3,14,0,#ebd8d8
3,15,2,#ebd8d8
3,16,0,#ebd8d8
3,17,2,#ebd8d8
3,18,1,#ebd8d8
3,19,0,#ebd8d8
3,20,0,#ebd8d8
3,21,0,#ebd8d8
3,22,0,#ebd8d8
3,23,0,#ebd8d8
3,24,0,#ebd8d8
3,25,0,#ebd8d8
3,26,0,#ebd8d8
3,27,0,#ebd8d8
3,28,0,#ebd8d8
3,29,0,#ebd8d8
3,30,0,#ebd8d8
3,31,0,#ebd8d8
3,32,1,#ebd8d8
3,33,0,#ebd8d8
3,34,0,#ebd8d8
3,35,0,#ebd8d8
3,36,0,#ebd8d8
3,37,0,#ebd8d8
3,38,1,#ebd8d8
3,39,1,#ebd8d8
3,40,0,#ebd8d8
3,41,0,#ebd8d8
3,42,0,#ebd8d8
3,43,0,#ebd8d8
3,44,0,#ebd8d8
3,45,0,#ebd8d8
3,46,0,#ebd8d8
3,47,0,#ebd8d8
3,48,0,#ebd8d8
3,49,0,#ebd8d8
3,50,0,#ebd8d8
3,51,0,#ebd8d8
3,52,0,#ebd8d8
3,53,0,#ebd8d8
3,54,0,#ebd8d8
3,55,0,#ebd8d8
3,56,0,#ebd8d8
3,57,0,#ebd8d8
3,58,0,#ebd8d8
3,59,0,#ebd8d8
3,60,0,#ebd8d8
3,61,0,#ebd8d8
3,62,0,#ebd8d8
3,63,0,#ebd8d8
3,64,0,#ebd8d8
3,65,0,#ebd8d8
3,66,0,#ebd8d8
3,67,0,#ebd8d8
3,68,0,#ebd8d8
3,69,26,#ebd8d8
3,7,0,#262C46
3,8,0,#262C46
3,9,0,#262C46
3,10,0,#262C46
3,11,0,#262C46
3,12,6,#262C46
3,13,0,#262C46
3,14,0,#262C46
3,15,0,#262C46
3,16,0,#262C46
3,17,0,#262C46
3,18,0,#262C46
3,19,1,#262C46
3,20,0,#262C46
3,21,0,#262C46
3,22,0,#262C46
3,23,0,#262C46
3,24,2,#262C46
3,25,0,#262C46
3,26,0,#262C46
3,27,0,#262C46
3,28,1,#262C46
3,29,0,#262C46
3,30,0,#262C46
3,31,1,#262C46
3,32,0,#262C46
3,33,0,#262C46
3,34,0,#262C46
3,35,0,#262C46
3,36,0,#262C46
3,37,0,#262C46
3,38,0,#262C46
3,39,0,#262C46
3,40,2,#262C46
3,41,0,#262C46
3,42,0,#262C46
3,43,1,#262C46
3,44,0,#262C46
3,45,0,#262C46
3,46,0,#262C46
3,47,2,#262C46
3,48,1,#262C46
3,49,1,#262C46
3,50,1,#262C46
3,51,0,#262C46
3,52,1,#262C46
3,53,1,#262C46
3,54,0,#262C46
3,55,0,#262C46
3,56,1,#262C46
3,57,0,#262C46
3,58,1,#262C46
3,59,0,#262C46
3,60,0,#262C46
3,61,0,#262C46
3,62,0,#262C46
3,63,0,#262C46
3,64,1,#262C46
3,65,1,#262C46
3,66,1,#262C46
3,67,1,#262C46
3,68,0,#262C46
3,69,23,#262C46
4,7,1,#ebd8d8
4,8,1,#ebd8d8
4,9,2,#ebd8d8
4,10,0,#ebd8d8
4,11,0,#ebd8d8
4,12,2,#ebd8d8
4,13,0,#ebd8d8
4,14,1,#ebd8d8
4,15,0,#ebd8d8
4,16,2,#ebd8d8
4,17,2,#ebd8d8
4,18,0,#ebd8d8
4,19,0,#ebd8d8
4,20,1,#ebd8d8
4,21,0,#ebd8d8
4,22,1,#ebd8d8
4,23,0,#ebd8d8
4,24,0,#ebd8d8
4,25,0,#ebd8d8
4,26,1,#ebd8d8
4,27,0,#ebd8d8
4,28,0,#ebd8d8
4,29,0,#ebd8d8
4,30,0,#ebd8d8
4,31,0,#ebd8d8
4,32,0,#ebd8d8
4,33,0,#ebd8d8
4,34,0,#ebd8d8
4,35,0,#ebd8d8
4,36,0,#ebd8d8
4,37,1,#ebd8d8
4,38,0,#ebd8d8
4,39,0,#ebd8d8
4,40,1,#ebd8d8
4,41,1,#ebd8d8
4,42,1,#ebd8d8
4,43,0,#ebd8d8
4,44,0,#ebd8d8
4,45,0,#ebd8d8
4,46,0,#ebd8d8
4,47,0,#ebd8d8
4,48,0,#ebd8d8
4,49,0,#ebd8d8
4,50,0,#ebd8d8
4,51,0,#ebd8d8
4,52,0,#ebd8d8
4,53,0,#ebd8d8
4,54,0,#ebd8d8
4,55,0,#ebd8d8
4,56,0,#ebd8d8
4,57,0,#ebd8d8
4,58,0,#ebd8d8
4,59,0,#ebd8d8
4,60,0,#ebd8d8
4,61,0,#ebd8d8
4,62,0,#ebd8d8
4,63,0,#ebd8d8
4,64,0,#ebd8d8
4,65,0,#ebd8d8
4,66,0,#ebd8d8
4,67,0,#ebd8d8
4,68,0,#ebd8d8
4,69,20,#ebd8d8
4,7,0,#262C46
4,8,0,#262C46
4,9,0,#262C46
4,10,0,#262C46
4,11,0,#262C46
4,12,4,#262C46
4,13,0,#262C46
4,14,1,#262C46
4,15,0,#262C46
4,16,0,#262C46
4,17,1,#262C46
4,18,1,#262C46
4,19,1,#262C46
4,20,1,#262C46
4,21,0,#262C46
4,22,0,#262C46
4,23,0,#262C46
4,24,2,#262C46
4,25,0,#262C46
4,26,0,#262C46
4,27,0,#262C46
4,28,0,#262C46
4,29,0,#262C46
4,30,0,#262C46
4,31,1,#262C46
4,32,0,#262C46
4,33,0,#262C46
4,34,0,#262C46
4,35,0,#262C46
4,36,0,#262C46
4,37,0,#262C46
4,38,0,#262C46
4,39,0,#262C46
4,40,0,#262C46
4,41,1,#262C46
4,42,0,#262C46
4,43,0,#262C46
4,44,3,#262C46
4,45,1,#262C46
4,46,0,#262C46
4,47,0,#262C46
4,48,1,#262C46
4,49,1,#262C46
4,50,0,#262C46
4,51,1,#262C46
4,52,0,#262C46
4,53,1,#262C46
4,54,0,#262C46
4,55,1,#262C46
4,56,0,#262C46
4,57,1,#262C46
4,58,0,#262C46
4,59,0,#262C46
4,60,1,#262C46
4,61,2,#262C46
4,62,0,#262C46
4,63,0,#262C46
4,64,1,#262C46
4,65,0,#262C46
4,66,0,#262C46
4,67,0,#262C46
4,68,1,#262C46
4,69,21,#262C46
5,7,0,#ebd8d8
5,8,1,#ebd8d8
5,9,0,#ebd8d8
5,10,0,#ebd8d8
5,11,1,#ebd8d8
5,12,0,#ebd8d8
5,13,0,#ebd8d8
5,14,1,#ebd8d8
5,15,0,#ebd8d8
5,16,0,#ebd8d8
5,17,0,#ebd8d8
5,18,0,#ebd8d8
5,19,0,#ebd8d8
5,20,0,#ebd8d8
5,21,1,#ebd8d8
5,22,0,#ebd8d8
5,23,1,#ebd8d8
5,24,2,#ebd8d8
5,25,1,#ebd8d8
5,26,1,#ebd8d8
5,27,1,#ebd8d8
5,28,0,#ebd8d8
5,29,0,#ebd8d8
5,30,1,#ebd8d8
5,31,0,#ebd8d8
5,32,0,#ebd8d8
5,33,1,#ebd8d8
5,34,1,#ebd8d8
5,35,1,#ebd8d8
5,36,0,#ebd8d8
5,37,0,#ebd8d8
5,38,0,#ebd8d8
5,39,0,#ebd8d8
5,40,0,#ebd8d8
5,41,1,#ebd8d8
5,42,0,#ebd8d8
5,43,0,#ebd8d8
5,44,0,#ebd8d8
5,45,0,#ebd8d8
5,46,0,#ebd8d8
5,47,0,#ebd8d8
5,48,0,#ebd8d8
5,49,0,#ebd8d8
5,50,0,#ebd8d8
5,51,0,#ebd8d8
5,52,0,#ebd8d8
5,53,0,#ebd8d8
5,54,0,#ebd8d8
5,55,0,#ebd8d8
5,56,0,#ebd8d8
5,57,0,#ebd8d8
5,58,0,#ebd8d8
5,59,0,#ebd8d8
5,60,0,#ebd8d8
5,61,0,#ebd8d8
5,62,0,#ebd8d8
5,63,0,#ebd8d8
5,64,0,#ebd8d8
5,65,0,#ebd8d8
5,66,0,#ebd8d8
5,67,0,#ebd8d8
5,68,0,#ebd8d8
5,69,23,#ebd8d8
5,7,0,#262C46
5,8,0,#262C46
5,9,1,#262C46
5,10,0,#262C46
5,11,0,#262C46
5,12,2,#262C46
5,13,0,#262C46
5,14,0,#262C46
5,15,0,#262C46
5,16,1,#262C46
5,17,0,#262C46
5,18,0,#262C46
5,19,1,#262C46
5,20,0,#262C46
5,21,0,#262C46
5,22,1,#262C46
5,23,0,#262C46
5,24,1,#262C46
5,25,0,#262C46
5,26,0,#262C46
5,27,0,#262C46
5,28,0,#262C46
5,29,1,#262C46
5,30,0,#262C46
5,31,0,#262C46
5,32,0,#262C46
5,33,0,#262C46
5,34,0,#262C46
5,35,1,#262C46
5,36,0,#262C46
5,37,0,#262C46
5,38,0,#262C46
5,39,0,#262C46
5,40,0,#262C46
5,41,2,#262C46
5,42,0,#262C46
5,43,0,#262C46
5,44,1,#262C46
5,45,0,#262C46
5,46,0,#262C46
5,47,0,#262C46
5,48,0,#262C46
5,49,0,#262C46
5,50,0,#262C46
5,51,0,#262C46
5,52,0,#262C46
5,53,0,#262C46
5,54,2,#262C46
5,55,0,#262C46
5,56,0,#262C46
5,57,0,#262C46
5,58,2,#262C46
5,59,1,#262C46
5,60,0,#262C46
5,61,0,#262C46
5,62,3,#262C46
5,63,1,#262C46
5,64,1,#262C46
5,65,0,#262C46
5,66,0,#262C46
5,67,0,#262C46
5,68,0,#262C46
5,69,27,#262C46
6,7,0,#ebd8d8
6,8,0,#ebd8d8
6,9,1,#ebd8d8
6,10,0,#ebd8d8
6,11,0,#ebd8d8
6,12,3,#ebd8d8
6,13,0,#ebd8d8
6,14,0,#ebd8d8
6,15,0,#ebd8d8
6,16,0,#ebd8d8
6,17,0,#ebd8d8
6,18,0,#ebd8d8
6,19,1,#ebd8d8
6,20,1,#ebd8d8
6,21,0,#ebd8d8
6,22,0,#ebd8d8
6,23,0,#ebd8d8
6,24,1,#ebd8d8
6,25,0,#ebd8d8
6,26,0,#ebd8d8
6,27,0,#ebd8d8
6,28,1,#ebd8d8
6,29,1,#ebd8d8
6,30,0,#ebd8d8
6,31,1,#ebd8d8
6,32,0,#ebd8d8
6,33,0,#ebd8d8
6,34,0,#ebd8d8
6,35,0,#ebd8d8
6,36,1,#ebd8d8
6,37,0,#ebd8d8
6,38,0,#ebd8d8
6,39,0,#ebd8d8
6,40,0,#ebd8d8
6,41,0,#ebd8d8
6,42,0,#ebd8d8
6,43,0,#ebd8d8
6,44,0,#ebd8d8
6,45,0,#ebd8d8
6,46,0,#ebd8d8
6,47,0,#ebd8d8
6,48,0,#ebd8d8
6,49,0,#ebd8d8
6,50,0,#ebd8d8
6,51,0,#ebd8d8
6,52,0,#ebd8d8
6,53,0,#ebd8d8
6,54,0,#ebd8d8
6,55,0,#ebd8d8
6,56,0,#ebd8d8
6,57,0,#ebd8d8
6,58,0,#ebd8d8
6,59,0,#ebd8d8
6,60,0,#ebd8d8
6,61,0,#ebd8d8
6,62,0,#ebd8d8
6,63,0,#ebd8d8
6,64,0,#ebd8d8
6,65,0,#ebd8d8
6,66,0,#ebd8d8
6,67,0,#ebd8d8
6,68,0,#ebd8d8
6,69,26,#ebd8d8
6,7,0,#262C46
6,8,0,#262C46
6,9,0,#262C46
6,10,0,#262C46
6,11,0,#262C46
6,12,10,#262C46
6,13,0,#262C46
6,14,2,#262C46
6,15,0,#262C46
6,16,0,#262C46
6,17,1,#262C46
6,18,2,#262C46
6,19,1,#262C46
6,20,0,#262C46
6,21,0,#262C46
6,22,0,#262C46
6,23,0,#262C46
6,24,0,#262C46
6,25,0,#262C46
6,26,0,#262C46
6,27,0,#262C46
6,28,0,#262C46
6,29,0,#262C46
6,30,0,#262C46
6,31,0,#262C46
6,32,0,#262C46
6,33,0,#262C46
6,34,0,#262C46
6,35,0,#262C46
6,36,1,#262C46
6,37,0,#262C46
6,38,0,#262C46
6,39,0,#262C46
6,40,0,#262C46
6,41,3,#262C46
6,42,0,#262C46
6,43,0,#262C46
6,44,1,#262C46
6,45,0,#262C46
6,46,2,#262C46
6,47,0,#262C46
6,48,0,#262C46
6,49,0,#262C46
6,50,0,#262C46
6,51,0,#262C46
6,52,2,#262C46
6,53,0,#262C46
6,54,0,#262C46
6,55,0,#262C46
6,56,0,#262C46
6,57,1,#262C46
6,58,0,#262C46
6,59,0,#262C46
6,60,0,#262C46
6,61,0,#262C46
6,62,0,#262C46
6,63,0,#262C46
6,64,1,#262C46
6,65,0,#262C46
6,66,0,#262C46
6,67,0,#262C46
6,68,0,#262C46
6,69,23,#262C46
,,,
,,,
,,,
,,,
,,,
,,,
,,,
,,,
,,,
,,,
,,,
,,,
,,,
,,,
,,,
,,,
,,,
,,,
,,,
,,,
,,,
,,,
,,,
,,,
,,,
,,,
,,,
,,,
,,,
,,,
,,,
,,,
,,,
,,,
,,,
,,,
,,,
,,,
,,,
,,,
,,,
,,,
,,,
,,,
,,,
,,,
,,,
,,,
,,,
,,,
,,,
,,,
,,,
,,,
,,,
,,,
,,,
,,,
,,,
,,,
,,,
,,,
,,,
,,,
,,,
,,,
,,,
,,,
,,,
,,,
,,,
,,,
,,,
,,,
,,,
,,,
,,,
,,,
,,,
,,,
,,,
,,,
,,,
,,,
,,,
,,,
,,,
,,,
,,,
,,,
,,,
,,,
,,,
,,,
,,,
,,,
,,,
,,,
,,,
,,,
,,,
,,,
,,,
,,,
,,,
,,,
,,,
,,,
,,,
,,,
,,,
,,,
,,,
,,,
,,,
,,,
,,,
,,,
,,,
,,,
,,,
,,,
,,,
,,,
,,,
,,,
,,,
,,,
,,,
,,,
,,,
,,,
,,,
,,,
,,,
,,,
,,,
,,,
,,,
,,,
,,,
,,,
,,,
,,,
,,,
,,,
,,,
,,,
,,,
,,,
,,,
,,,
,,,
,,,
,,,
,,,
,,,
,,,
,,,
,,,
,,,
,,,
,,,
,,,
,,,
,,,
,,,
,,,
,,,
,,,
,,,
,,,
,,,
,,,
,,,
,,,
,,,
,,,
,,,
,,,
,,,
,,,
,,,
,,,
,,,
,,,
,,,
,,,
,,,
,,,
,,,
,,,
,,,
,,,
,,,
,,,
,,,
,,,
,,,
,,,
,,,
,,,
,,,
,,,
,,,
,,,
,,,
,,,
,,,
,,,
,,,
,,,
,,,
,,,
,,,
,,,
,,,
,,,
,,,
,,,
,,,
,,,
,,,
,,,
,,,
,,,
,,,
,,,
,,,
,,,
,,,
,,,
,,,
,,,
,,,
,,,
,,,
,,,
,,,
,,,
,,,
,,,
,,,
,,,
,,,
,,,
,,,
,,,
,,,
,,,
,,,
,,,
,,,
,,,
,,,
,,,
,,,
,,,
,,,
,,,
,,,
,,,
,,,
,,,
,,,
,,,
,,,
,,,
,,,
,,,
,,,
,,,
,,,
,,,
,,,
,,,
,,,
,,,
,,,
,,,
,,,
,,,
,,,
,,,
,,,
,,,
,,,
,,,
,,,
,,,
,,,
,,,
,,,
,,,
,,,
,,,
,,,
,,,
,,,
,,,
,,,
,,,
,,,
,,,
,,,
,,,
,,,
,,,
,,,
,,,
,,,
,,,
,,,
,,,
,,,
,,,
,,,
,,,
,,,
,,,
,,,
,,,
,,,
,,,
,,,
,,,
,,,
,,,
,,,
,,,
,,,
,,,
,,,
,,,
,,,
,,,
,,,
,,,
,,,
,,,
,,,
,,,
,,,
,,,
,,,
,,,
,,,
,,,
,,,
,,,
,,,
,,,
,,,
,,,
,,,
,,,
,,,
,,,
,,,
,,,
,,,
,,,
,,,
,,,
,,,
,,,
,,,
,,,
,,,
,,,
,,,
,,,
,,,
,,,
,,,
,,,
,,,
,,,
,,,
,,,
,,,
,,,
,,,
,,,
,,,
,,,
,,,
,,,
,,,
,,,
,,,
,,,
,,,
,,,
,,,
,,,
,,,
,,,
,,,
,,,
,,,
,,,
,,,
,,,
,,,
,,,
,,,
,,,
,,,
,,,
,,,
,,,
,,,
,,,
,,,
,,,
,,,
,,,
,,,
,,,
,,,
,,,
,,,
,,,
,,,
,,,
,,,
,,,
,,,
,,,
,,,
,,,
,,,
,,,
,,,
,,,
,,,
,,,
,,,
,,,
,,,
,,,
,,,
,,,
,,,
,,,
,,,
,,,
,,,
,,,
,,,
,,,
,,,
,,,
,,,
,,,
,,,
,,,
,,,
,,,
,,,
,,,
,,,
,,,
,,,
,,,
,,,
,,,
,,,
,,,
,,,
,,,
,,,
,,,
,,,
,,,
,,,
,,,
,,,
,,,
,,,
,,,
,,,
,,,
,,,
,,,
